"","ID","Browsing_Time","Satisfaction"
"1",1,11.4533776640596,8.06853931357091
"2",2,11.9809859528164,6.70275588891184
"3",3,11.1890266334728,7.11532450263961
"4",4,9.34065205277742,6.45215089744376
"5",5,12.6634849049507,8.11927334344616
"6",6,10.1830915590214,5.7369976911261
"7",7,9.42073240450934,6.18444996622354
"8",8,9.43283029895231,6.05998983979233
"9",9,11.9940739643837,8.32637108872592
"10",10,10.0836199330484,6.93640516979413
"11",11,8.80300193597748,5.53075004882703
"12",12,10.4274322016962,6.43728505993982
"13",13,10.1252959354038,6.89839778548699
"14",14,9.49842491790337,5.93408445108585
"15",15,9.98717434484022,8.37366883046102
"16",16,10.3812401384516,7.00516387222358
"17",17,9.8669824416,6.91888306631473
"18",18,9.79274369604234,6.46059138507848
"19",19,10.6247987551142,7.27165026684291
"20",20,11.2516692083952,6.55977996024959
"21",21,9.02590101344763,5.89027286257175
"22",22,10.0519774591133,6.40156247583861
"23",23,9.67217530380998,6.41076287211492
"24",24,10.6027426464763,6.69414375631786
"25",25,9.04186021447027,6.90682791824816
"26",26,8.68201939176937,4.50161231940947
"27",27,9.72487557277151,6.68447169925338
"28",28,10.6403498032638,7.02113632487735
"29",29,10.7395167011922,6.68814636279423
"30",30,8.30652803368752,4.33682684634723
"31",31,10.1978685975044,5.97170930621864
"32",32,8.13598210215842,5.08775048221191
"33",33,9.37259742533462,5.4753032080985
"34",34,9.9984553540988,7.26904181001891
"35",35,10.3851749621133,6.32320300817132
"36",36,9.22821842860663,6.51262899773863
"37",37,7.42292927021679,5.34403982401608
"38",38,11.4991807848149,8.38825979105708
"39",39,8.68739807931051,6.15128483875637
"40",40,10.2030943711329,6.60760536568288
"41",41,9.95242017564809,6.4767636165108
"42",42,9.06190782086336,6.0580841172543
"43",43,10.435664711846,7.90834306965405
"44",44,8.95069790637872,4.44227518412441
"45",45,10.1723200972325,6.83404921884183
"46",46,9.94326005646628,7.1972124966765
"47",47,10.3181386388272,7.17856933293198
"48",48,10.9135486024714,7.06087836739418
"49",49,9.61702738139121,7.14177350801618
"50",50,10.3196410257692,7.53519649166452
"51",51,9.62518930048638,6.36060583390139
"52",52,9.31546975522916,7.38669776986238
"53",53,11.4818942020892,6.72116745489265
"54",54,9.09569396779326,5.60555209021849
"55",55,10.6416586349471,7.36148323247344
"56",56,9.56334074213107,5.84153618283056
"57",57,7.38645807607103,4.64106666182976
"58",58,10.6811980339941,5.98908528470071
"59",59,11.1612524377969,7.35955700079032
"60",60,10.1685339924338,6.13135503867754
"61",61,8.04166125064821,5.33650571650927
"62",62,8.45708154284881,6.47510122940521
"63",63,9.96619997724142,6.40738383813636
"64",64,9.50315062472298,6.15035882639626
"65",65,9.02783546926561,5.43971655010193
"66",66,7.82276506284198,5.41488868940242
"67",67,10.0646239799436,6.97958174996783
"68",68,10.2626589156183,7.03219618179378
"69",69,10.0387142866629,6.42217327224746
"70",70,10.4358837972299,7.68556986577732
"71",71,10.1494259353684,6.84952153317741
"72",72,10.6289134644099,7.29742358754005
"73",73,9.42111468499205,6.13317192263307
"74",74,9.6010477045344,6.55650922672694
"75",75,9.37704094166395,6.63688579742979
"76",76,10.3701666995974,7.78795022312024
"77",77,10.1780128535315,6.26039227907976
"78",78,11.0083065760869,7.45988079157947
"79",79,10.9404732265604,7.77081517324085
"80",80,8.3385907699735,6.22784128075145
"81",81,9.88877240456759,6.4682650036377
"82",82,8.20748511309193,5.42339638510091
"83",83,9.62206006813746,5.18022770408786
"84",84,9.73413563344851,7.58440298945035
"85",85,10.4951272402659,6.33197591820923
"86",86,9.37761604232966,5.08177640904415
"87",87,10.2572772956675,6.60368094645767
"88",88,11.2066336899321,7.26241628211447
"89",89,9.65039258348321,7.18031887636437
"90",90,8.89851830946475,6.21775904139421
"91",91,10.8325718718544,7.88077851243113
"92",92,9.15623648471875,5.41681899874492
"93",93,12.0595913960908,8.31192710794614
"94",94,10.5342124585702,6.27988424803532
"95",95,9.23177917027865,7.07315049410421
"96",96,9.29481207110696,6.61185535876145
"97",97,10.0519924453079,5.96539323300801
"98",98,11.4158285945102,6.94992569592695
"99",99,10.2181531358773,6.91080911508818
"100",100,10.0157999492117,6.84558205470586
"101",101,11.0128127914236,6.11867541506339
"102",102,9.25037646260598,6.66051038759925
"103",103,9.55328106234263,6.46047745962984
"104",104,9.20395732877698,6.24055485175164
"105",105,10.1264627856941,5.30856908105824
"106",106,11.7545441794969,7.40304136756427
"107",107,9.29154848768742,6.42528181631138
"108",108,11.7166819968991,7.76793723482625
"109",109,9.71215204602336,7.0074997893729
"110",110,10.7335526092251,6.92916936953946
"111",111,10.2877053351091,6.80965695786027
"112",112,9.99335939085955,6.80772520214043
"113",113,9.65773025873659,6.89365405571789
"114",114,10.6749780834796,6.73045761976535
"115",115,9.23698006700422,6.08186745226211
"116",116,10.0176517300405,7.32278610701165
"117",117,9.96930581799856,6.300049628829
"118",118,10.1334242196622,7.61390558771551
"119",119,11.2369558487532,6.8140898269617
"120",120,9.84625977399343,5.7124699149386
"121",121,9.31649508223914,5.9395558311662
"122",122,8.60494042522031,5.4275600213928
"123",123,9.97794015964898,6.35026264501334
"124",124,10.216485105669,6.98386254612403
"125",125,10.6633517891089,7.44205371679213
"126",126,9.69828368528119,6.69531786592987
"127",127,8.54793351413022,5.34434692052894
"128",128,9.93895339034849,5.48395563515102
"129",129,11.2460342818338,7.915489089148
"130",130,9.17872948978606,5.66307495747045
"131",131,10.2084690619871,6.81712007098334
"132",132,10.0639810511611,6.94820535793231
"133",133,10.5156818777814,6.51491063877602
"134",134,9.99677820100935,7.43000101695805
"135",135,10.7445959555482,6.49462835655009
"136",136,10.5012628239871,7.59203820955248
"137",137,10.4060480065669,6.76934703733463
"138",138,10.3626727187159,6.62941854003419
"139",139,10.0226149450657,6.07144931814538
"140",140,10.2097891005439,7.07739808611185
"141",141,10.518187282666,7.91673107536596
"142",142,9.43357547448388,6.28117398494891
"143",143,8.92584198248936,5.62807402313857
"144",144,9.21169279800504,6.14188660097878
"145",145,9.22755937516993,5.94754714168909
"146",146,10.2165118998348,6.59318586912873
"147",147,8.77196628014377,6.17169706415868
"148",148,10.0860071790746,7.34401489709607
"149",149,9.33017793934911,6.41097492275472
"150",150,10.8878675430417,5.96159640662531
"151",151,8.25495203159037,5.7196543812021
"152",152,11.509034847734,6.97692595338042
"153",153,12.0798062911761,8.60154851090033
"154",154,11.4337178608152,7.44073798454342
"155",155,8.53678595626797,5.86974271266141
"156",156,11.7764521114532,7.45757785509376
"157",157,9.96434783694888,6.83680106678057
"158",158,11.6855206956574,8.22085250938644
"159",159,10.9527489738395,6.2108912024088
"160",160,10.1128438966821,7.30600089501148
"161",161,10.661733367053,5.91736268228497
"162",162,9.5281584380213,5.41813891285386
"163",163,8.71368230590898,5.38140630136336
"164",164,8.47204254059825,4.7583914085549
"165",165,9.72613581182856,6.85932422658177
"166",166,10.2128828944845,6.93941714563695
"167",167,9.6763599798915,5.97741643723978
"168",168,9.75090919043517,6.34827046769262
"169",169,10.0940578908757,7.10368813118278
"170",170,10.3793044593408,6.66930764032879
"171",171,10.6299442230701,7.08895082578157
"172",172,8.70781582571067,5.13653875762887
"173",173,7.67412926065266,5.62891922402352
"174",174,9.71942202984206,7.07517078230346
"175",175,11.1149928223118,7.18799468553053
"176",176,10.9033011419924,8.54183979268118
"177",177,12.1437647746335,7.85338018202745
"178",178,9.39234761994514,6.77943633517387
"179",179,9.48555176287596,6.53772000126886
"180",180,11.5807641792928,7.14427017780396
"181",181,9.8515980259231,6.99593042918272
"182",182,10.4662830318343,6.7219040737545
"183",183,10.7447846297709,6.55461699114218
"184",184,9.4710390079074,5.89533803923298
"185",185,10.830035254995,6.79402137529195
"186",186,8.71767725216338,6.8164888378424
"187",187,8.65221748924842,6.07272166785922
"188",188,8.35224180982086,6.68540966633195
"189",189,10.6830904350041,7.412054163436
"190",190,9.31733689571927,5.88213920543986
"191",191,8.72295641555113,5.6394794166892
"192",192,10.0498472800996,5.68910274562489
"193",193,8.30162517488109,5.62019135603532
"194",194,9.75508532406723,6.4639803965599
"195",195,10.1048937601925,6.35421687165144
"196",196,10.0570748162443,6.10261643219372
"197",197,10.3305693998027,6.22845260340387
"198",198,10.2270836058602,5.36417399187744
"199",199,9.54160907380884,6.85798236130662
"200",200,7.28369662761808,3.66252285546623
"201",201,12.0544364425544,9.32544312892105
"202",202,10.9218166351443,6.32238938087969
"203",203,9.52682872515287,6.66147405748416
"204",204,10.0385140778521,6.36142940423473
"205",205,9.92007752117979,6.10622272321313
"206",206,9.91490960634489,7.21701259196062
"207",207,8.80794847472956,5.94720966045521
"208",208,10.7330959304068,7.7243380518926
"209",209,10.8427915920516,7.89539864804937
"210",210,8.85479811788313,6.20178696226784
"211",211,8.49711850202752,6.282719718223
"212",212,7.88177259296092,4.69314926231789
"213",213,9.32953680722818,5.80892986104047
"214",214,10.4530642310797,7.6742016893743
"215",215,10.0213814857984,5.57550535874768
"216",216,9.89770365974824,6.98300830020814
"217",217,8.73243518528226,6.76143129670632
"218",218,8.42289499311982,6.32595477397247
"219",219,10.9427034668573,7.37116012221906
"220",220,10.881056387406,7.73814821839334
"221",221,12.0457969028526,7.21088744260687
"222",222,7.93687861918559,5.24690639140075
"223",223,9.70178734607218,7.22362388605829
"224",224,9.43386510788767,7.06948747932389
"225",225,11.0856572114458,6.32848314056223
"226",226,9.8047525276799,7.09862812190888
"227",227,9.90866221097746,6.88806818680403
"228",228,9.16299461374678,6.84975743698409
"229",229,9.7880965646915,5.79544440540017
"230",230,9.02184010686873,6.35339788374525
"231",231,9.6423211856997,6.4439089531974
"232",232,9.57641274944751,6.51680254539771
"233",233,9.64999092130413,6.3992392905568
"234",234,11.446170670607,7.4723633486806
"235",235,10.0433588978291,6.57160117123357
"236",236,9.82391461664592,6.90697456761358
"237",237,9.02495124401318,5.80531901502227
"238",238,11.6062081356607,8.09557671958926
"239",239,9.513129783937,6.57813805502262
"240",240,11.1371680794987,6.48564974589445
"241",241,10.4187617883813,6.67670706467081
"242",242,9.97521140717421,6.58655072901412
"243",243,10.3664848733909,7.15503995364208
"244",244,10.0534500664605,6.75934663825581
"245",245,7.90865492008137,6.88942447510896
"246",246,9.34969889908025,6.74659994995516
"247",247,10.410866475618,6.35223317727413
"248",248,10.5831574414773,6.91687920714833
"249",249,8.19349417256208,5.07167262031326
"250",250,9.24971126254099,6.43084452823846
"251",251,9.23593714320359,7.25150802578442
"252",252,10.7562248484834,6.40661637228415
"253",253,11.1643983354328,6.88501037004023
"254",254,10.6969454513837,7.34632381457627
"255",255,11.5448614772163,6.67458126702599
"256",256,10.1446592822692,7.86317614914509
"257",257,10.3231633929338,7.63025501247763
"258",258,8.89019310252872,6.33049030903013
"259",259,11.1330077286818,7.16929288611789
"260",260,8.90048686223435,5.9710655061636
"261",261,10.5483640658168,6.95246438280208
"262",262,10.656938869722,7.05212660248459
"263",263,10.1844818695647,6.54132909169176
"264",264,10.4952947363256,7.40887793308715
"265",265,11.2344310998033,6.18528897674748
"266",266,11.3478949994761,7.80623424518006
"267",267,10.818498994924,7.72339668239105
"268",268,9.00533682833825,6.09662932688545
"269",269,9.86200862148367,6.42864813323363
"270",270,9.97687012729522,6.31919615625989
"271",271,8.86607048381539,5.0919201376148
"272",272,10.1830809796382,7.30366965733077
"273",273,10.5678942522149,5.97932271488304
"274",274,8.02201850798974,4.95880715045779
"275",275,10.3222901898015,7.57997750327887
"276",276,9.45377745492203,5.98310063202859
"277",277,8.76581362739357,6.03629218419858
"278",278,12.6343035367955,8.36244685988701
"279",279,11.0685126891151,8.19750584845283
"280",280,11.8694894753211,8.16284777595681
"281",281,9.43626874587721,6.788716176976
"282",282,10.539619743518,6.95618332354181
"283",283,9.43102771816658,6.06075475972781
"284",284,8.69835751159141,5.61178884950186
"285",285,8.72325387362948,6.5581765184386
"286",286,10.3736046343261,6.66418434266404
"287",287,10.6200300830008,7.24741796811018
"288",288,10.8300937908998,6.70302761473725
"289",289,10.145111169511,5.86931678645078
"290",290,9.8313469828527,7.20927435646563
"291",291,8.74109628488462,6.68319256132958
"292",292,10.6411949222619,7.10091231022739
"293",293,11.7728468573033,6.97379117129621
"294",294,11.1740475260591,7.77380905662815
"295",295,9.74558943150895,6.85428060035548
"296",296,9.78059645512051,6.54905940184651
"297",297,9.98289678828558,7.48315808201503
"298",298,8.26411549165852,4.7728540284813
"299",299,8.60020563355874,6.26768823754239
"300",300,9.11586365946471,6.11180791096988
"301",301,12.2872281440314,7.45005360725432
"302",302,9.74033068041858,7.06555676466233
"303",303,10.4689014300415,6.44474275815124
"304",304,8.82777634079935,6.25807584318355
"305",305,9.05303932802116,6.90075104033131
"306",306,10.5633689611756,6.99700971902669
"307",307,11.076579202959,7.40317043719656
"308",308,10.178126020369,6.44305897321724
"309",309,12.0704587655112,7.41267177636747
"310",310,9.43688554327968,5.89521405916292
"311",311,11.485445379559,7.15394511475474
"312",312,10.794522012955,6.8052829079862
"313",313,9.25926114424414,6.24238714418944
"314",314,8.61997263673592,5.73385295704935
"315",315,9.65064174278405,6.0305366851786
"316",316,10.0659197528141,7.29445620228194
"317",317,10.3470585993716,6.63845095393001
"318",318,10.1689508884666,5.8705975774237
"319",319,10.2838562669662,5.97880151231126
"320",320,9.96593659504472,7.88931985116872
"321",321,10.8266360313453,6.80868122666009
"322",322,10.4903476647299,7.15911661793588
"323",323,8.71042190343392,6.03486619796309
"324",324,9.74430553755178,6.35329259759735
"325",325,9.80660470638857,6.25841191081638
"326",326,11.0908508773884,6.79601374468061
"327",327,9.04922037447114,5.39473760531106
"328",328,10.8120368949806,6.90504247884736
"329",329,9.06402311836343,6.67649533454885
"330",330,11.3530883966671,7.33597784296395
"331",331,8.97419927099615,5.79478764330153
"332",332,10.1186252702268,6.10043476398731
"333",333,11.3017875187883,8.15588786852631
"334",334,7.18022640977506,5.21227802784825
"335",335,11.0269190012766,8.23520516163814
"336",336,9.48661781014534,6.6708321050328
"337",337,7.87960144963453,4.55343583113117
"338",338,11.1955881869728,7.97436230752269
"339",339,8.93351566966219,6.90020325439599
"340",340,10.3408145840555,7.35260225774126
"341",341,8.5029793288946,6.19158743357178
"342",342,8.81022259858965,5.16334100614948
"343",343,10.0148869063562,6.62708337453041
"344",344,10.4008852844463,8.06949545713303
"345",345,10.620240908601,6.89896219489808
"346",346,8.63721082286342,6.84384630919085
"347",347,9.68650509586168,6.42799150746132
"348",348,9.24904425877804,5.99990684979754
"349",349,9.25146250202804,6.41790425369368
"350",350,7.97875273025054,5.85822665229006
"351",351,8.41925467762005,5.75360751376022
"352",352,9.34842814816725,6.20782224727577
"353",353,10.0256186006338,6.93270008313447
"354",354,8.46656215202503,5.2108048437069
"355",355,10.0739089421508,7.60755850481095
"356",356,10.0258481680609,6.06807435330904
"357",357,10.9374893712577,6.07013684366626
"358",358,8.95231685202146,6.20066726015019
"359",359,11.3947738636454,7.32208700861175
"360",360,7.90608697422741,5.63591749281357
"361",361,8.7301684314402,5.74753315797163
"362",362,11.2889726612019,7.06606653437551
"363",363,11.1205285655662,6.52051606323286
"364",364,9.73018564407966,6.28331952436344
"365",365,8.93756311840317,6.00030817177089
"366",366,11.5698519976679,8.29434202394289
"367",367,11.8564336466231,8.28020008009442
"368",368,9.14213391771802,6.91171044979161
"369",369,9.45544021397281,6.81624605632736
"370",370,11.4112825181207,7.73234003852814
"371",371,11.8425947256575,7.92464093802031
"372",372,10.2313102616421,6.32809000985296
"373",373,10.2793104348131,7.20689216743533
"374",374,9.01833170769425,5.74131908222656
"375",375,10.9314390652006,6.04602881470725
"376",376,10.2478982876998,6.96680598350906
"377",377,10.4910746372236,5.85321363701815
"378",378,9.18881934483631,5.1907824397979
"379",379,9.15441395777807,5.91497323293287
"380",380,11.8562145365474,8.40143108183945
"381",381,9.57943424575402,5.46284119478264
"382",382,8.1951768105373,5.69668144156739
"383",383,10.4142897740442,6.39095747167437
"384",384,9.03586435019185,6.19391472828391
"385",385,9.31768675656543,6.65761794802457
"386",386,10.5470576770837,5.54627907452367
"387",387,10.4378779280722,6.89506208612797
"388",388,9.81068275844085,8.16942491140129
"389",389,11.6785659374015,8.32631889162701
"390",390,8.5716989177737,5.55603887300707
"391",391,10.7124686681788,6.73108206796607
"392",392,8.58744594297554,5.57868228446364
"393",393,10.4260252682006,6.81097288653595
"394",394,11.5936227592408,6.71075973789175
"395",395,8.5823346922049,5.28920890922443
"396",396,9.77959350261097,6.87301780009432
"397",397,9.02676138813799,5.53863917523554
"398",398,7.89145922721433,5.22676185611303
"399",399,9.89052291535741,6.29601342397196
"400",400,9.36588454723391,5.89232531784172
"401",401,10.4672634038345,8.31447855534554
"402",402,11.6471775762486,8.84859820691831
"403",403,10.3819621897222,7.06605355317853
"404",404,10.0577838212416,7.45174422970899
"405",405,11.5933672302231,7.69923251029127
"406",406,8.43479166684051,5.66286803880685
"407",407,9.47108988386063,5.78067460141618
"408",408,10.6526170585557,6.90412964724588
"409",409,10.1226193099366,6.32684260170874
"410",410,11.0126306935464,6.97136594631774
"411",411,9.374362218933,6.87258630303497
"412",412,9.1625130470008,6.04098619897692
"413",413,9.54906300708267,5.26829746568197
"414",414,8.45176430863941,5.46167188912333
"415",415,11.3892657694426,7.27349504735074
"416",416,9.92240926784845,7.121398223233
"417",417,9.79830412604742,6.85422248906458
"418",418,10.4076144476454,5.94952416398306
"419",419,8.53866409566758,4.68220234104194
"420",420,11.0328094469386,7.55378896155614
"421",421,10.2719731151329,6.44375649414805
"422",422,10.2777802393602,6.94062226498759
"423",423,9.58007224153176,6.05299539747261
"424",424,9.58907127883821,6.2445030420551
"425",425,9.5908242311735,6.25810784739081
"426",426,9.58103659522456,4.18157764950787
"427",427,9.8660782535239,6.43406219508475
"428",428,11.0586621029964,7.59310164023263
"429",429,8.98196433937689,5.82381692672401
"430",430,10.633274912712,7.10558326065497
"431",431,10.0955753705011,6.87288540364765
"432",432,10.1194342605809,7.24585511944752
"433",433,9.64081501053577,6.90847843435191
"434",434,8.35350576779238,5.43905013622506
"435",435,10.473118790614,5.58925753434883
"436",436,8.90277568689081,5.73178986326123
"437",437,9.53721173292638,6.27364174812001
"438",438,11.9336267514819,8.06045642459057
"439",439,10.4635362705988,7.82350904836212
"440",440,10.2310374981582,7.09690364096386
"441",441,11.3070756725501,6.66679229551987
"442",442,12.373748512372,8.79965667441894
"443",443,11.4509522981539,6.97386413375993
"444",444,8.42591327158708,5.06698075717711
"445",445,10.8070849029268,8.22926035306727
"446",446,9.67950711120562,6.65584601608895
"447",447,10.5965035752743,6.17435950834384
"448",448,8.89106896036872,5.88098572849928
"449",449,11.0229437661817,7.5933637533727
"450",450,9.15840087254406,6.8571396544996
"451",451,11.1650527225958,7.29689027261541
"452",452,10.9285357427724,6.96811812433045
"453",453,10.77671824154,6.51481795551287
"454",454,11.3120475414682,7.62179499052702
"455",455,9.12266443030092,5.65597811569749
"456",456,8.96177763603631,5.80948045127546
"457",457,9.77923605352992,5.27341457780293
"458",458,8.17550069609054,4.86245558871114
"459",459,10.8088024268031,8.08226295674572
"460",460,9.17444282730003,6.91613260980293
"461",461,9.93197696189965,6.58792071228516
"462",462,12.9745345517341,8.65368754635933
"463",463,10.2635464018027,7.0443154763727
"464",464,8.7146884200432,5.78526968335954
"465",465,11.754327461442,7.42269678735881
"466",466,9.47218849364191,6.76522123147995
"467",467,9.21500144189493,6.98056000082814
"468",468,9.00422702695003,7.15946757348236
"469",469,10.1485614832832,8.6585841547493
"470",470,11.0360330407097,8.0959216683839
"471",471,8.9533707694026,6.21700534239383
"472",472,10.1837311530424,6.95378617670552
"473",473,10.0056569433305,6.00406582555209
"474",474,9.73931968830282,7.30438883225892
"475",475,10.5442165202952,6.50762712813724
"476",476,10.6062349268164,7.12985590186571
"477",477,10.9383568527725,7.86996784305704
"478",478,9.20354217259355,5.24685210046116
"479",479,10.2640591297362,6.82615002501055
"480",480,10.4965854831168,6.80920035500066
"481",481,8.64417193469913,6.76202187925878
"482",482,9.07592847028323,6.27291700125677
"483",483,9.70931450869682,7.46834771225853
"484",484,9.19514903720317,5.45829292306677
"485",485,9.57376583090926,6.84613424980831
"486",486,10.4187050960477,7.09807824848482
"487",487,10.0258240418658,7.68820941785969
"488",488,10.0921839069198,6.14668629723944
"489",489,8.74325982543679,5.04157984793651
"490",490,8.3342614388585,5.41609326955035
"491",491,11.6553517259064,8.10415817298172
"492",492,9.54778847955358,6.89715254276674
"493",493,11.3673692323697,8.39485330849157
"494",494,10.6028080369421,7.76959232872625
"495",495,9.54217368327169,5.8913360097788
"496",496,9.6414046827117,5.23744411781204
"497",497,8.85084244987552,6.17405901147757
"498",498,8.932524123464,5.45656893700824
"499",499,8.86243483992286,6.01733779293755
"500",500,9.8629954378004,6.4641532773742
"501",501,10.0877453038941,8.07909448855675
"502",502,11.9324124569992,7.03518558305498
"503",503,10.0990851202002,6.24151054930414
"504",504,10.9359284242057,7.18966165730496
"505",505,10.1116725586955,7.3953646141134
"506",506,9.11405440486332,5.44964725296073
"507",507,10.4187949313802,7.18173798430023
"508",508,10.8182697412468,8.24894555241063
"509",509,10.7800758471593,7.01925932946701
"510",510,7.96750388037289,5.67172240828827
"511",511,9.75634861440628,6.09645396003984
"512",512,9.24416126903602,5.98698633570523
"513",513,9.4743938927202,6.17857002422475
"514",514,9.37369952567944,5.89035691105493
"515",515,10.3499914506397,7.15254976573834
"516",516,10.5919236669833,5.83189796854923
"517",517,9.62709124285585,6.90014707068846
"518",518,10.5460558326446,7.11664392068892
"519",519,10.0391056026881,6.07808602695622
"520",520,11.2644446242314,7.49313971095963
"521",521,9.35465858049386,5.04992161467334
"522",522,9.70778342252195,6.07002761704261
"523",523,9.86595853229434,7.5311349287019
"524",524,8.96126090781295,4.66669489031516
"525",525,9.52421404165666,6.2744206064209
"526",526,11.0022906854992,8.06879050608558
"527",527,11.4149230289204,8.13900685495346
"528",528,8.70646187773632,6.64706914416071
"529",529,10.0451168034307,8.17600141408792
"530",530,9.94157251992267,5.36296011619581
"531",531,10.2016015085239,7.80646296477435
"532",532,9.49534199681548,5.36848031182346
"533",533,10.7640095303761,6.89539504859
"534",534,11.2451184066804,8.21256364019563
"535",535,11.3288200654009,7.53769884413164
"536",536,9.11676892137089,6.18844401734852
"537",537,9.2543296573762,6.16456086900332
"538",538,10.319274425773,6.11771912244514
"539",539,11.4853821502631,7.06407194107843
"540",540,9.44987466445178,5.7834510037147
"541",541,10.2985627179397,6.13429655674202
"542",542,10.4324326797808,6.23106225752186
"543",543,10.3202885481141,6.994029701121
"544",544,10.6972284634189,6.41198411972372
"545",545,9.60169160962532,6.39634617605188
"546",546,10.6456887771072,6.71691771909894
"547",547,10.1808431563387,8.04014877109467
"548",548,11.1929716474316,6.13782452975576
"549",549,9.06947025557492,7.4690120526962
"550",550,12.3328162388797,7.99072113526764
"551",551,9.54034861615086,6.04115266036783
"552",552,11.1147348201309,8.15054877436855
"553",553,8.85274379737514,6.46439755106027
"554",554,10.1647005894048,7.04167120314091
"555",555,9.79630457700735,5.94523946045104
"556",556,8.55673099774726,6.608783879386
"557",557,10.7150990878985,6.84961397391333
"558",558,8.65025171205776,6.08631353499448
"559",559,11.1505697717373,7.74999920063945
"560",560,9.94465881618846,6.01756708420623
"561",561,9.88398098128743,6.98395058139652
"562",562,8.99676737420303,5.91621266105982
"563",563,10.7454825785072,6.65778243025824
"564",564,10.8336088859544,6.52376257400222
"565",565,11.1230167045546,6.95516692277666
"566",566,9.28069059072732,5.23414636804212
"567",567,9.44539232213528,6.75031277069422
"568",568,9.3396189550683,5.97339649651529
"569",569,7.91083056875214,6.44543421459928
"570",570,9.31650222661994,6.03019756708459
"571",571,11.5515843345249,8.32699411545908
"572",572,9.18091813562371,5.66595475534397
"573",573,10.4337585911617,6.47158828453802
"574",574,11.1243328514922,7.24325677306575
"575",575,9.33334672638589,5.66275495381121
"576",576,9.89997723895581,5.33677667774829
"577",577,9.74629395353022,5.91647178336764
"578",578,12.3007962372349,8.41053412849852
"579",579,10.3945396513596,5.68939705418562
"580",580,10.0474163834844,6.32417832821154
"581",581,10.2880255940296,6.7027386194398
"582",582,10.3789860071745,7.18521393018883
"583",583,8.80689066726156,5.366676938975
"584",584,11.0126133679427,7.63082534253998
"585",585,8.21692608711015,5.58882785153138
"586",586,9.97944437483128,6.68557499536342
"587",587,8.49536009670588,5.29808994497327
"588",588,11.3515413839323,8.43855551494687
"589",589,9.82597168651043,6.27826947844668
"590",590,11.6971253479749,8.96236808706716
"591",591,10.4693397913804,6.96902637312658
"592",592,10.1429800882553,6.93695761630297
"593",593,9.39510170550295,5.07300406576416
"594",594,11.4479669244613,7.75167053017553
"595",595,8.64523339711518,5.33339297153485
"596",596,10.9430188851174,6.36127909306696
"597",597,8.57374240976157,6.63083227118481
"598",598,11.030951616457,7.47737668961202
"599",599,9.36475637788125,5.74522606027096
"600",600,10.2983820413201,6.34296087386526
"601",601,9.47763943867666,7.15417175868277
"602",602,10.269865768741,7.13613309973302
"603",603,9.63980338938491,6.48340481800485
"604",604,8.77633981012362,5.74191331757888
"605",605,9.94788132388393,7.71488401361233
"606",606,9.52524243408988,6.06535584148601
"607",607,10.181184950628,6.62259162173821
"608",608,10.5145746268712,7.23173332511349
"609",609,8.95198430189786,6.49686391053581
"610",610,9.69603138994568,5.93194635428492
"611",611,8.74911296573672,4.63081321548855
"612",612,10.3872118238512,7.17075384535361
"613",613,8.51868640090238,6.26018545833754
"614",614,10.4711836336045,6.95126162734095
"615",615,9.76587948281976,6.64252085982009
"616",616,10.2455140994592,5.99896431910182
"617",617,10.593905644165,5.62606300569887
"618",618,10.2966568065188,8.02289338640124
"619",619,9.44441471660367,5.52412478138724
"620",620,10.8256578141702,7.34981080160337
"621",621,10.1068866998161,5.34236996844913
"622",622,8.71211191235333,6.04816976516181
"623",623,9.38864909467665,5.86229994486265
"624",624,11.1876277667116,8.11625622121656
"625",625,9.23180308582721,6.25664532714017
"626",626,10.7506728196377,7.13078693734681
"627",627,10.2909805227737,7.4828082737018
"628",628,9.63443139456718,5.92005723808041
"629",629,9.74291516944685,6.56853617831447
"630",630,10.7799713326599,7.21205624940389
"631",631,9.47446928729057,5.66475967230365
"632",632,9.85340602552757,7.35854614891145
"633",633,9.05599457835776,5.74150865065798
"634",634,10.2268409482314,6.29403882858407
"635",635,11.5200351798488,7.79511738536593
"636",636,10.5946326121147,8.53512861003776
"637",637,10.2203291121722,6.37254212858636
"638",638,11.2555809426531,7.27499633116275
"639",639,9.36669208039442,5.99011230714093
"640",640,8.03342185156009,5.82611355039626
"641",641,9.04525676674671,6.3804178046722
"642",642,9.999515180492,6.16369855259249
"643",643,10.7066290020632,6.35300120538668
"644",644,10.219687819501,7.45789666956315
"645",645,10.4533111411194,7.94073919769195
"646",646,9.87749316316796,6.99806324134779
"647",647,10.5270307776498,5.66861029198139
"648",648,7.62364629244051,5.09356204007161
"649",649,9.82454584410518,5.82474663308679
"650",650,11.7088506690985,7.33175935316423
"651",651,7.89016426629963,6.0037012033594
"652",652,9.50883819996316,5.79691875692306
"653",653,8.47166625950992,4.52465501032112
"654",654,11.0847966664538,6.96352617497462
"655",655,8.65099060245489,6.09302990514955
"656",656,10.612588803648,6.85662895765636
"657",657,11.1549723128187,8.92653820958926
"658",658,9.95116910014069,6.64061101813441
"659",659,11.5668277651365,7.97783455039188
"660",660,9.79369042125496,6.80615319754283
"661",661,10.6454076975236,7.4645393351757
"662",662,9.13444567724046,6.73708084095674
"663",663,10.5724231611577,7.28412184455964
"664",664,9.64873206689174,5.4974730778119
"665",665,9.32287285688366,5.31401599524313
"666",666,10.1790749250331,6.24779671035495
"667",667,11.0098555542346,7.08150938710814
"668",668,8.62541198303304,6.36037108523339
"669",669,9.92797183884214,6.82460382072186
"670",670,10.3436633144751,6.68382179443948
"671",671,9.67496364430303,5.2753619285645
"672",672,9.76706997566119,5.85910404981736
"673",673,9.44979326265929,6.76153070790192
"674",674,9.69207164827644,6.1916970164711
"675",675,10.3842723517366,6.93403924667043
"676",676,8.54249101260717,4.83686891277769
"677",677,10.2496561204278,6.97516343595299
"678",678,10.2986436573214,7.39069920541226
"679",679,10.5721217864382,7.15068484299889
"680",680,12.6241067123762,8.48643855034543
"681",681,8.73875819824385,5.22816643593177
"682",682,11.560670222125,7.28731272414812
"683",683,11.3313253189103,7.37823448842275
"684",684,8.87930271380786,4.79437426643979
"685",685,10.6528771363336,6.44507056508007
"686",686,11.88307490289,7.37967859626034
"687",687,8.72252998940333,5.66832708622122
"688",688,8.80072699688471,6.13328175557748
"689",689,9.14940499407373,6.34940214396207
"690",690,10.0764752370941,7.358513637519
"691",691,11.3049977978922,8.83469511273273
"692",692,10.5913375046762,7.03182320820373
"693",693,9.6271860897807,6.43086113376639
"694",694,9.34197182039884,5.66086615991092
"695",695,11.1263652386507,7.15822899862162
"696",696,9.48587618380459,6.89110835754199
"697",697,11.2437069966914,7.74589634599923
"698",698,11.5802934467911,8.66388458848326
"699",699,9.68466705260805,6.20457673062944
"700",700,7.99267033672882,5.65113864170058
"701",701,10.0367836171246,7.26949117381402
"702",702,9.60440393879695,7.45675564955609
"703",703,9.27209097153047,5.29306446697314
"704",704,11.0773683085396,6.72643822590688
"705",705,10.9082145961751,7.81328667949299
"706",706,9.22883454067417,6.50791306678536
"707",707,11.8884109566091,7.6381579978943
"708",708,9.42409673854959,6.73065759942309
"709",709,10.6180157049681,7.37356939701655
"710",710,9.12332853351788,6.03119928006194
"711",711,9.69122552420245,5.71241133030052
"712",712,9.43496828854219,6.93437221260301
"713",713,9.83973186853092,5.90458363381103
"714",714,10.3358316115529,6.45227559574903
"715",715,10.750266672634,8.31871761223711
"716",716,10.0907277789475,7.20531505716036
"717",717,9.36954590698437,6.30984320546023
"718",718,9.67989695287024,6.33716337671184
"719",719,11.1452827738263,8.88286902018628
"720",720,12.1600743806144,7.6178727119348
"721",721,8.78461007321224,5.21072294349074
"722",722,9.74756799632052,7.47303755418833
"723",723,8.71742278656871,6.20358427651226
"724",724,10.089694615974,5.83109106084263
"725",725,10.1814226380155,6.9608073330929
"726",726,9.63294841686932,6.51989218929905
"727",727,9.78850721410834,5.63444383756802
"728",728,9.86520733034288,6.94540199542
"729",729,9.78775937197645,7.10902629301314
"730",730,10.5688672984096,6.80425350139712
"731",731,10.6324144959083,7.80177554582726
"732",732,8.89845542956586,7.16655114701136
"733",733,10.205689127824,6.77843974542067
"734",734,9.31044114693082,6.70379539193897
"735",735,8.81873778506127,6.79883573834684
"736",736,11.2559858487288,7.2259401895785
"737",737,13.0873218082574,9.02113007621801
"738",738,10.2887264300872,7.43307188631019
"739",739,10.5508613693842,7.4220880063418
"740",740,9.89080068059698,6.44772217094457
"741",741,9.89910216242599,7.26349643244872
"742",742,11.2270224544016,7.13956000001188
"743",743,10.2008020997192,6.28842912202638
"744",744,8.10456357173962,6.19426136531206
"745",745,11.7008057210588,7.77354217974495
"746",746,9.98965778797252,8.02376165406076
"747",747,9.23351028556468,5.17644212438045
"748",748,11.1688957992309,8.5468103377037
"749",749,9.50976557624507,6.22149150498822
"750",750,11.3391738365727,7.97465090257045
"751",751,9.83079314373721,6.35880043893414
"752",752,10.8208895122222,6.20084183195311
"753",753,8.11371681233008,4.92050519191995
"754",754,8.77575312758961,6.87721979860967
"755",755,10.6155274227482,7.52733775476462
"756",756,9.67601827563547,6.07351995086146
"757",757,9.60540960090943,5.9815506000985
"758",758,10.1956386151814,5.62348210134997
"759",759,9.51047141103321,6.28310322621331
"760",760,9.99779509806142,5.81908690693326
"761",761,8.70495153940932,5.7269538436434
"762",762,8.21835300363868,6.38730262485342
"763",763,10.0028193783703,6.98847953741238
"764",764,10.3963257027305,8.01789877497738
"765",765,9.60258099657637,7.90045743278435
"766",766,11.0154268086102,7.12612871676625
"767",767,9.13660186061082,6.59422621368617
"768",768,10.5073868677657,8.44802546258934
"769",769,8.14309143449623,6.31548634879109
"770",770,8.29144066277564,5.99185120101983
"771",771,11.0476201357439,7.55362076040638
"772",772,9.39367245969246,5.82372936731118
"773",773,9.52179714105298,5.783518823923
"774",774,8.57437336828306,5.79149521641009
"775",775,7.19695985854874,4.31193913235439
"776",776,10.4711510370359,6.63920864160644
"777",777,10.9120375076683,7.79527739389278
"778",778,9.08505705024488,6.60325277129892
"779",779,11.4749454510876,7.11293817787106
"780",780,11.1915873709256,6.28240838659962
"781",781,10.0052873683122,7.05336626285033
"782",782,9.92399177973441,6.79009522172287
"783",783,10.9441765547743,6.69046850661858
"784",784,11.8730962170003,8.64644008385095
"785",785,9.38931654884277,4.54417793094883
"786",786,9.49561338446158,5.40577625289623
"787",787,10.3116496501857,7.35739931646294
"788",788,8.44278830773988,6.61437636600992
"789",789,11.4605226940851,7.03242852630751
"790",790,8.5133958058448,5.21631493651233
"791",791,9.40742189665239,5.87600204916504
"792",792,10.3844437739844,6.84681477709867
"793",793,11.2594621015851,7.66951120293061
"794",794,9.46179628610103,7.61356791787497
"795",795,11.2761086886268,6.28804328252912
"796",796,9.35977821644575,7.03001659154216
"797",797,10.3680628515767,6.78707585753376
"798",798,10.337334949064,8.00212949944422
"799",799,8.5327056128509,6.50323107310671
"800",800,9.2840432572459,4.22637214880142
"801",801,9.03960192322894,6.14190640245008
"802",802,10.884429049635,6.89441810347075
"803",803,10.017882025582,6.43280910950649
"804",804,9.02968392250645,6.5475195041878
"805",805,10.0029138294414,5.84985896507941
"806",806,8.63168328011987,5.1867982866426
"807",807,11.4631510663049,6.41512307944122
"808",808,9.82930259840032,6.66836892629164
"809",809,7.44996714485597,5.60516696537356
"810",810,9.4865354707979,5.74488786022975
"811",811,9.83337218671646,7.30102829805143
"812",812,7.54722450085938,5.71421646547938
"813",813,10.933936701639,6.6932467400047
"814",814,9.84457514678716,6.83692400492163
"815",815,11.2833685305287,7.49553234793535
"816",816,9.30936137971712,5.58535473275671
"817",817,10.3417068939724,7.09254025772628
"818",818,9.4123557872594,6.33452131020286
"819",819,8.74202698810488,4.72280601527274
"820",820,9.58831828823543,7.5276995207371
"821",821,8.40715477753984,6.00223002557119
"822",822,8.93735489671601,6.9427746380567
"823",823,10.9131345714074,7.15801491336362
"824",824,7.9812460807457,6.15617466726394
"825",825,11.2611163546035,7.50810617338626
"826",826,8.69485301969145,5.38100432413592
"827",827,10.3635641041727,6.96635162993988
"828",828,11.5964799435002,7.06635961200214
"829",829,10.778873363838,6.88680909921269
"830",830,9.33056208948207,5.866208354186
"831",831,9.94792145573911,6.04564069089887
"832",832,10.1417944670952,6.35218313664545
"833",833,12.0648361975135,7.68790065320722
"834",834,9.77491997663708,5.77006019298891
"835",835,10.5441540739747,7.09557029524748
"836",836,8.42669209310294,5.38791420640617
"837",837,8.45517139461876,6.04080135613695
"838",838,8.0683009204801,5.07965525440976
"839",839,11.2783757916259,7.41241414913281
"840",840,9.82910820754248,6.61726372889546
"841",841,10.8272871958747,6.85672603383963
"842",842,8.41827560593135,5.25310470223159
"843",843,10.004201194071,5.89110789238487
"844",844,9.1540093059076,5.00184487827063
"845",845,10.5352980100601,5.85889442226901
"846",846,10.4128250886138,7.37715423341494
"847",847,10.5205949102337,7.88616091589138
"848",848,9.2418005424889,6.46894470355394
"849",849,9.66250433315376,6.92634909605418
"850",850,9.79386998434705,6.70903061078884
"851",851,10.978927185389,8.28400180859453
"852",852,10.1291416693326,6.99242113184734
"853",853,9.3299944532695,6.29019511764703
"854",854,8.96029773560657,5.9303029872232
"855",855,8.5765282305296,6.14907275773516
"856",856,9.51440341063373,5.52482253596914
"857",857,11.4477238926377,6.74927244260037
"858",858,10.9096026712994,8.54019907558063
"859",859,8.89840571928362,6.28056365804697
"860",860,11.0988488723645,8.46471632315518
"861",861,8.21906766207444,4.95578618798487
"862",862,8.60452640916995,5.86108655929705
"863",863,9.71095892226567,5.83498993329969
"864",864,11.0992434324376,7.08725546857615
"865",865,11.0730022243938,6.18547639126435
"866",866,8.68916479839206,5.95628394432787
"867",867,10.3684247524732,7.01892726740921
"868",868,8.7434795283976,5.54523482494755
"869",869,9.77105059958002,5.23228153539699
"870",870,10.8947311300452,7.29100147238579
"871",871,7.91270660832886,6.09792484702433
"872",872,10.1620342900266,6.60085579301944
"873",873,12.3177771113462,7.08920250075908
"874",874,11.3955331603325,7.50053870005127
"875",875,12.3197733834959,8.48121029899756
"876",876,8.21184052509689,5.09101549715668
"877",877,9.9423642621308,7.05464664344752
"878",878,11.0971281011299,7.40180685243035
"879",879,10.2668512428685,5.28229180380603
"880",880,10.9179939536719,6.90369109590135
"881",881,9.76506349158201,7.27131601034367
"882",882,9.14607049320874,6.68633358901726
"883",883,9.26278188560734,7.09649967965825
"884",884,11.9502037680573,8.09448859114275
"885",885,9.40670178877072,6.75327476757303
"886",886,10.0385062627841,7.08755456838159
"887",887,10.2439776729366,7.96240246858779
"888",888,9.16759602122207,6.07683641262458
"889",889,12.3204168757768,7.20066968533727
"890",890,8.21447598990907,5.70815686219736
"891",891,9.37534226746057,7.2587567357712
"892",892,7.75549528395156,5.30956495923684
"893",893,11.3494774888759,8.76727290843422
"894",894,8.79291535397321,6.15635455912038
"895",895,11.8061604815254,7.35595617803035
"896",896,10.366867057224,7.40549871781807
"897",897,11.1893103224636,7.11864508692885
"898",898,8.65932214732355,5.74128226155999
"899",899,10.9676942520739,7.56337723589285
"900",900,8.73298235103834,5.12631406524421
"901",901,9.91258860725255,7.54102782686133
"902",902,9.69604106688962,6.10570456211904
"903",903,10.1390781985693,7.30958018917831
"904",904,9.33359934961108,6.69964390499866
"905",905,9.87262598141186,6.96934658558203
"906",906,9.55419907473286,6.7581933437362
"907",907,10.3377544034179,6.7981670742586
"908",908,11.016429243031,6.78903300526056
"909",909,9.25231776057083,5.27083015782131
"910",910,11.2342991263364,7.08532445537625
"911",911,10.6654137027429,8.28242755547569
"912",912,9.09365106662038,6.94517349998206
"913",913,12.131303951421,8.10130734982618
"914",914,11.2471100717481,7.30994391329418
"915",915,9.77541951252416,7.28532922281059
"916",916,9.56695628907077,5.8786891164031
"917",917,7.80429355236901,5.12912356551336
"918",918,9.57242071745729,7.03247870109121
"919",919,10.6762138890469,7.40532266833567
"920",920,10.1543929386007,7.13704553491049
"921",921,10.1644801533379,6.45764301784101
"922",922,9.48569068171897,6.00726050203087
"923",923,8.94529056606061,6.93806591009572
"924",924,10.5319494075552,7.43800835827415
"925",925,12.722458246112,7.62769745270367
"926",926,9.66194727878162,6.87982824624269
"927",927,10.1467145793715,5.9258312334233
"928",928,10.5558641873924,7.10098852756667
"929",929,12.0935928201877,6.85698997444538
"930",930,9.82627742453994,6.08832786752927
"931",931,11.2991878535149,6.82742688725421
"932",932,9.81486061429434,6.43093877420709
"933",933,9.3871137954515,5.592609425683
"934",934,9.71938195946182,5.62001586278424
"935",935,7.59701663716147,4.78570838282959
"936",936,12.4023622312423,8.78606297053869
"937",937,11.3584237117412,8.07505620559026
"938",938,11.6590324709084,7.45442362891757
"939",939,8.28056914475272,4.45468802670358
"940",940,8.34111810895913,5.88874552404694
"941",941,9.84423715305351,7.4162107380671
"942",942,9.51315270496141,6.89461306825429
"943",943,9.79156257197718,6.02314121719347
"944",944,10.0625635418092,7.0110143971962
"945",945,10.6613829905166,8.37785807624557
"946",946,9.55382112822613,5.92058939188005
"947",947,9.19067977222436,5.71210074243045
"948",948,9.30114372054376,5.69647020241565
"949",949,9.28514836039145,6.34430771368022
"950",950,8.49400321745603,4.57644103751596
"951",951,9.95253879816699,6.17414985820027
"952",952,8.08503216900263,5.11739446105219
"953",953,8.62365123475721,6.68979589300404
"954",954,9.22230275965735,7.54506595497536
"955",955,11.0045783175705,7.10579344314833
"956",956,9.5122489847666,6.44468676378694
"957",957,9.97686003627971,6.36565571589749
"958",958,9.66075802846229,6.66270975862979
"959",959,10.0038990173585,5.42824994698423
"960",960,11.6092638148619,7.51130269590263
"961",961,11.0808833246279,7.71210800087633
"962",962,10.9490717228469,7.94315155698268
"963",963,7.29697876465199,5.50823598214159
"964",964,9.40942401348183,6.69047035035474
"965",965,9.33996605095715,5.36211211919161
"966",966,10.3079600733496,6.37523945152296
"967",967,9.87401006113536,7.3795024021388
"968",968,8.82497729205677,6.38616631092754
"969",969,11.4752496775184,6.26420685819005
"970",970,9.38900634530862,6.16894751321922
"971",971,10.5998628961866,7.18215171971675
"972",972,9.23279493442014,7.2047472286241
"973",973,9.70064902660261,5.83930243765527
"974",974,10.2439100968082,6.7392045449351
"975",975,10.2205009294782,6.68864464592564
"976",976,11.1400790737406,7.59300150293615
"977",977,11.8282994517673,8.2210265070642
"978",978,8.95047698811606,5.43531676600297
"979",979,8.69485679815654,6.11184301422289
"980",980,11.8531716191532,8.54719490912303
"981",981,10.5448477945923,7.07487297792492
"982",982,10.8289345105128,8.30240230379
"983",983,9.24635073269942,6.89595167249366
"984",984,8.95960545024204,6.07093716064046
"985",985,9.12951814892152,6.10147540537423
"986",986,10.7746658846899,8.36892960328335
"987",987,8.98397406168067,5.36981131217368
"988",988,9.15121409272094,5.25161877607882
"989",989,9.80337126132559,6.89167762948452
"990",990,11.0961411694551,7.44924896546843
"991",991,12.0630910283342,8.78773172618359
"992",992,11.2544517632877,7.55941855641344
"993",993,8.94600098422939,7.5322127871797
"994",994,10.0611372033811,6.74071621185134
"995",995,11.2407156582367,7.09406037459527
"996",996,10.4972971346188,7.09889304529366
"997",997,10.6975767816516,6.35232802802929
"998",998,11.0827177659989,7.5662073649691
"999",999,11.4879532288188,7.2623041937098
"1000",1000,8.35741508506685,5.41679050331976
